company_name,profile_url,official_website,phone,founding_year,price_range,rating,review_count,street_address,locality,region,postcode,country,services_offered,certifications,team_leadership,total_reviews_extracted,reviews_sample,description
Grey Matter India PVT LTD,https://clutch.co/profile/grey-matter-india,https://www.greymatterindia.com,+91-22-28685623,2000,,,,"1st Floor, Sai Darshan Towers, Plot #31,","Mumbai, India",,400091,IN,"Web Development, E-Commerce Development, Custom Software Development, Enterprise App Modernization, UX/UI Design, Mobile App Development, Search Engine Optimization, Advertising, Pay Per Click, Social Media Marketing, Web Design",,,0,[],"Grey Matter India Technologies Pvt. Ltd is a global IT solutions provider leading the &#39;off-shoring&#39; revolution with its cutting-edge services that provide support and impetus to emerging &amp; established businesses in the areas of IT consulting, offshore software development, web application development and maintenance. With its signature innovative approach to technology solutions.
Right since its inception in March 2000, GMI has dominated the booming Indian services sector through rep"
RedAlkemi,https://clutch.co/profile/redalkemi,https://www.redalkemi.com,+91.98883.68198,1996,$25 - $49,1.0,1,SCO 353-355 Sector 34 A Chandigarh,"Chandigarh, India",CH,160022,IN,"Search Engine Optimization, Web Design, Web Development, Pay Per Click, Social Media Marketing",,,1,"[{""title"": ""Logo Design for Consumer Products & Services Company"", ""author"": ""Consumer products & services company"", ""rating"": 1.0, ""body"": ""RedAlkemi provided logo design services for a consumer products and services company. The team created the logo and developed the brand guidelines, including the brand color, font, and mock-ups....""}]","Established in 1996, RedAlkemi offers Design, Digital and Development services to small and medium sized businesses, with the desire to add value and build long term associations with like minded customers. Our areas of work include:
Design and Usability: UI/UX Design for websites, web apps, mobile apps and landing pages to maximize usability and deliver a positive user experience. Relevant software skills include Figma &amp; Sketch.
Graphics &amp; Video: Graphics and production for logos, brand"
KAG Technologies Pvt Ltd,https://clutch.co/profile/kag-technologies,https://www.kagtech.net,+91.44.2239.2831 to 33,2004,,,,"264/11, Sathiyanathan Complex Velachery Road,","Chennai, India",TN,600 059,IN,"Web Design, Web Development, Custom Software Development, IT Strategy Consulting",,,0,[],"We are the fastest growing ISO 9001:2000 certified Software Solution Provider in India. We have expertise in Software Development and other Allied Services. We have a strong and experienced team of Software Professionals in Web Design &amp; Development, Mobile Application Development, Database Solutions, Customized Application Development, Migration of Existing Applications, M-commerce Solutions, Enterprise Resource Planning Solutions, SEO Solutions, etc. We can complete your projects with updat"
NGBM Solutions,https://clutch.co/profile/ngbm-solutions,https://www.ngbm.net,775.200.0562,2002,,,,2375 Roanoke Trail,"Reno, United States",NV,89523,US,"Mobile App Development, Web Design, Web Development, Custom Software Development, HR Consulting",,,0,[],"NGBM Solutions Ltd is a premier offshore software outsourcing company serving the needs of Small to Mid-size Businesses (SMBs) in the U.S. and Europe, with headquarters in New Delhi, Capital City of India. Software Outsourcing Company, Offshore Outsourcing, Offshore Software Development NGBM Solutions Ltd, New Delhi, India, India based Company, provides Offshore Software Development, Software Outsourcing, Offshore Outsourcing, Website Design and Web Application Development Services to Clients Gl"
Naresh Infotech,https://clutch.co/profile/naresh-infotech,https://www.nareshinfotech.com,+91.22.6743.7910,2007,,,,"Office No. 07, Bldg. No. 29,  First Floor, Radha Krishna Temple Bldg., 4th Kumbarwada Lane,  Near Moti Cinema, Grant Road (East), ","Mumbai, India",MH,400003,IN,"Web Design, Web Development, Cybersecurity, Branding, E-Commerce Development",,,0,[],"Top line growth, reducing operational cost, increasing customer satisfaction and effective use of information for competitive differentiation are the top business priorities for the CEOs today. It is thus no surprise that the CIO&#39;s focus is surely shifting from techno-centric IT to business-centric IT. To facilitate this journey, NARESH INFO TEC brings together key IT consulting services that address aspects of reducing cost, increasing agility and enabling transformation. Our consulting off"
Sybrant Technologies,https://clutch.co/profile/sybrant-technologies,https://www.sybrant.com,801.440.9414,2006,< $25,,,2795 E. Cottonwood Pkwy. Suite #360 ,"Cottonwood Heights, United States",UT,84121,US,"Application Testing, Mobile App Development, Social Media Marketing, Web Design, Web Development",,,0,[],"Sybrant is strictly focused on providing product development services for early stage and start-up ISV&#39;s. We believe in small, dedicated development teams that can rapidly deliver high quality results, on time and most important, within budget. Our success with ISV’s speaks volumes about our ability to leverage agile development methodology and not get bogged down by ISO and CMM compliance. 1. Develop skill set in cutting edge technologies such as JOOMLA, RoR, LAMP, SOA, Web 2.0, MS SQL, ORA"
Vsworx Information System Pvt. Limited,https://clutch.co/profile/vsworx-information-system,https://www.vsworx.com,020 8144 3875,2003,,,,"Suite 302, 315 chiswick high road","London , England",SRY,W4 4HH,GB,"Web Design, Web Development, E-Commerce Development, Other Application Development, Custom Software Development, Application Testing, Search Engine Optimization",,,0,[],"Vsworx Information Systems Pvt. Ltd., is a customer-centric and quality conscious offshore development company with head quarters in New Delhi, India and sales office in UK - offers solutions in a wide array of IT segments with a desire to be the best in the industry. As one of the leading software development companies, we have carved a niche for ourselves in offshore outsourcing, software outsourcing, software development,web development, web designing, web hosting, graphics designing, flash d"
BCT Consulting,https://clutch.co/profile/bct-consulting,https://www.bahwancybertek.com,(91) 80 40745454 / 25590996 / 9,2001,,,,"Prestige Meridian I, 10th Floor, Unit 1012, #29, MG Road,","Bengaluru, India",KA,560001,IN,"Web Design, Web Development, Custom Software Development, UX/UI Design",,,0,[],"Products available on on E-Governance, Branch Transformation, Integrated Channel Manager, Payment Gateways, 4th Party Logistics, Treasury, Swift gateway, etc."
Covalense Technologies Pvt Ltd,https://clutch.co/profile/covalense-technologies,https://www.covalense.com,+91 40 6618 6885,2006,$25 - $49,,,"Unit - A, 5th Floor, Kapil Towers, IT Park, Financial District Nanakramguda, Gachibowli","Nanakaramguda, India",AP,500032,IN,"Cloud Consulting & SI, BI & Big Data Consulting & SI, Custom Software Development, Application Management & Support, ERP Consulting and SI, Web Design, CRM Consulting and SI, Mobile App Development",,,0,[],"Covalense Technologies, a smart software development and services company recognized for its high value business software solutions, provides software services in areas of

Application Development Services and Solutions,
Application Management Outsourcing,
QA &amp; Testing
Consulting Design and Architecture Services
Managed Software Services
Enterprise Applications, Cloud, BI, RPA, Mobile, E-Commerce and ERP

Covalense delivery model offers a mix of onsite and offshore engagements with Scale-up/"
Easysoft Technologies,https://clutch.co/profile/easysoft-technologies,https://www.easysoftindia.com,+91.484.4046122,2006,,,,"1st floor, Suraj Building Azad Road ","Ernakulam, India",KL,682301,IN,"Search Engine Optimization, Web Design, Web Development, Mobile App Development",,,0,[],Easysoft Technologies is a leading Software consulting and web designing company that offers creative and affordable solution for medium to large business concerns. Our vision is to be recognized as one of the most effective IT solution provider with a Mission to deliver quality products and services at affordable prices. Our solutions are helped hundreds of organizations derive value from their technology investment and enhance competitiveness
"Infynita - Division of Speech Desk, Inc.",https://clutch.co/profile/infynita-division-speech-desk,https://www.infynita.com,+1-631-619-5200 ,1999,,,,304 Weymouth Street,"Dix Hills, United States",NY,11746,US,"Custom Software Development, Web Development, Mobile App Development, Web Design",,,0,[],"We provide a range of custom development services. Our clients include governments and businesses in US, Singapore and Europe. We service the Enterprise, Education, Telecom, Government and Finance domains"
Interfinet Technologies,https://clutch.co/profile/interfinet-technologies,https://www.interfinet.com,+91 93380 92382,2006,,,,"M-49, SAMANTA VIHAR, NALCO CHWAK, ","Bhubaneswar, India",OR,751017,IN,"Web Design, Advertising, Marketing Strategy, Mobile & App Marketing",,,0,[],"At enfinet we believe the role of information technology is to solve problems, enhance efficiency and enable new more effective ways of delivering value to your customers. Technology should be an enabler, not an end in itself. Our skill lies in understanding your business processes, appreciating how technology can help and delivering an innovative yet economical solution."
S3 Consulting,https://clutch.co/profile/s3-consulting,https://www.s3groupinc.com,+91-40-24034144,2007,,,,"Plot No: 69, Road No: 5, ","Bengaluru, India",AP,500036,IN,"Web Development, Custom Software Development, Web Design",,,0,[],"S3 Group India has a well-defined and mature application development process which comprises the complete SDLC from business case analysis to warranty support of the application. Our unique value proposition lies in our ability to Use global delivery model for application development, Knowledge acquisition and retention, and Track the SLA’s norms using web tools. Our application maintenance services deliver Reduction in cost, continuous improvements in quality of services, and Improve applicatio"
360logica Software Testing Services,https://clutch.co/profile/360logica-software-testing-services,https://www.360logica.com,(+91)-0120-4878300,2007,,,,"B 35 - 36, Sector 80, Phase II","Noida, India",,201303,IN,"Application Testing, Custom Software Development, Web Development",,,0,[],"We are specialist offshore outsourcing Independent QA/Testing consultancy company propelled by a team of bright, efficient &amp; committed individuals, having acquired their professional acumen from the India&#39;s premier technological institutes and based out in National Capital Region of India. We have built strong practices and cover industry verticals like financial services, telecom, healthcare, SCM, Mobile, network security, travel, E-commerce, manufacturing and retail. Our testing team w"
Algoworks,https://clutch.co/profile/algoworks,https://www.algoworks.com,8772841028,2006,,4.9,98,17 S. Franklin Turnpike #2-2,"Ramsey, United States",NJ,07446,US,"Mobile App Development, Web Development, CRM Consulting and SI, Product Design, UX/UI Design",,,16,"[{""title"": ""Cybersecurity Services for Telecom Company"", ""author"": ""Rajesh Kapoor"", ""rating"": ""5.0"", ""body"": ""Algoworks provided cybersecurity services for a telecom company. They managed multiple cybersecurity and data compliance projects for the client.\r\n...""}, {""title"": ""UI/UX Design & Mobile App & API Dev for Owners Association"", ""author"": ""Madeleine Kunda"", ""rating"": ""5.0"", ""body"": ""An owners association hired Algoworks to develop a destination app for a cultural hub in Colorado. The team designed the UI/UX, integrated third-party software, and built an API for local ski and weather data....""}, {""title"": ""Mobile App Dev for Home Maintenance Automation Company"", ""author"": ""Tony Campbell"", ""rating"": ""5.0"", ""body"": ""Algoworks has developed a user-friendly mobile app for a home maintenance automation company. The team has designed the UI/UX, integrated a payment processing feature, and implemented a user review system....""}]","Algoworks is a multi-award-winning mobile app design and development company, proudly serving clients from our offices in New Jersey, USA, and Noida, India. We are thrilled to be recognized as a Salesforce Platinum Consulting Partner and a Salesforce PDO Member, reflecting our commitment to excellence in delivering cutting-edge solutions. Since 2006, our talented team of tech enthusiasts, creative designers, and seasoned business analysts has successfully developed over 500 apps for startups and"
Amtex Systems,https://clutch.co/profile/amtex-systems,https://www.amtexsystems.com,212.269.6448,2005,,,,50 Broad Street,"New York, United States",NY,10004,US,"Web Development, Web Design, Custom Software Development",,,0,[],"Amtex Systems Inc is a globally acclaimed front-runner in cutting-edge technologies. Its objectives and aspirations closely align with innovations that directly impact the betterment of lives. Spanning its global footprints across 3 continents, We engage closely with numerous IT giants like Salesforce, AWS and Information Builders. Admired for its enthusiasm in helping enhance safety in society, we consistently bag awards and accolades. Amtex Systems Inc is an information technology and talent s"
Brainwork,https://clutch.co/profile/brainwork,https://www.brainworkindia.net,+91-11-4578-1159,2007,,,,"70A/18, Third Floor, Rama Road Industrial Area,","Delhi, India",DL,110015,IN,"Web Development, Web Design, Advertising, Branding, IT Managed Services",,,0,[],"Brainwork Technologies is a one-stop solution for online services, offering a far-reaching and influential portfolio of web designing, web development, internet marketing, and content writing. Since our self-effacing start in 2000, we have outgrown our expectations owing to our dedication to pursue quality and constantly evolving methodologies to stay abreast of changing technologies and client’s expectations.
With our inherent knack to transcend cultural and language barriers to create top-notc"
MIRI Infotech,https://clutch.co/profile/miri-infotech-0,https://www.miritech.com,+91 120 4511299,2003,$25 - $49,,,"401, i-Thum Tower-B, Plot No: A- 40, Sector- 62,","Noida, India",UP,201301,IN,"Cloud Consulting & SI, IT Strategy Consulting, Architectural Design, BI & Big Data Consulting & SI, CRM Consulting and SI, Custom Software Development, Digital Strategy, E-Commerce Development, ERP Consulting and SI, Graphic Design, IT Managed Services, UX/UI Design, Web Design, Web Development, Blockchain, Pay Per Click, Product Design, Search Engine Optimization, AI Development, Conversion Optimization, IoT Development, Mobile & App Marketing",,,0,[],"Miri Infotech is a project-based, end-to-end software development company, that has great expertise in building cloud, mobile, and web solutions. Our main expertise lies in developing solutions that are based on leading technologies and platforms, such as SharePoint, Microsoft .Net, Salesforce, and so on. Miri is highly devoted to maintaining longstanding client relationships and we believe in solving your problems. Being a world-class IT consulting company, we work with companies of all sizes t"
Total I.T. Software Solutions Pvt. Ltd.,https://clutch.co/profile/total-it-software-solutions,https://tiss.co.in,+91.11.2583.2289 / 2583.3253,2010,,,,"WZ-248,Plot No.-7, Inderpuri","New Delhi, India",DL,110012,IN,"Search Engine Optimization, Mobile App Development, Web Design, Web Development, E-Commerce Development",,,0,[],"Total IT Software Solutions Pvt. Ltd. is a leading provider of Customized Application Development, Web Designing and Development, Graphic Designing, Enterprise Application Integration, e- Library Solutions, Digitization, E- Governance, Content Management System, e-Commerce and much more. We help our customers create vision and define a technology strategy aligned to maximize operational efficiencies. We are an adept group of analysts, designers, programmers, and general business and technology e"
GSS Infotech,https://clutch.co/profile/gss-infotech,https://www.gssinfotech.com,+91.40.44556600,1999,,1.5,1,"N heights, Ground Floor, Wing-B, Plot No.12, TSIIC Software Units Layout, Madhapur, Serilingampally Mandal, Rangareddy District","Madhapur, India",AP,500081,IN,"IT Managed Services, Application Management & Support, Web Design, Web Development, Custom Software Development",,,1,"[{""title"": ""Web Dev, App Dev & Design for Decor Design Company"", ""author"": ""Other industries company"", ""rating"": ""1.5"", ""body"": ""GSS Infotech developed a website and an app for a decor design company. The team was responsible for web and application development and design....""}]","Founded in 1999 GSS Infotech is a pioneer in applying innovative, technology-based solutions to common business problems. We help organizations leverage the power of Virtualization, &#34;The Cloud&#34; and outsourced models of technology services delivery. Utilizing these technologies, we help organizations gain competitive advantage, reduce costs, ensure system stability, and improve efficiency.

Specializing in Remote Infrastructure Management Services, Virtualization solutions and Application"
Mozhi Technologies Pvt Ltd,https://clutch.co/profile/mozhi-technologies,https://www.mozhitech.com,+91 97104-14104,2016,,,,"1-38 Kalinganur, Thappakuttai (PO) Sankari (Tk),","Sankari, India",TN,637502,IN,"Web Design, Web Development, Custom Software Development, E-Commerce Development, Graphic Design, Mobile App Development",,,0,[],"MOZHI Technologies is an Indian based web development company in Salem, India. Established in 2016 with the state of art development Center at Salem, India with the team of 2 well-experienced web developers. Our mission has been to offer specialized and process oriented web, ecommerce development, mobile application and outsourcing services.
We are offering full-service web development specializing in eCommerce, Web Application, Mobile Application, Graphic design, Custom programming, and databas"
BluEnt,https://clutch.co/profile/bluent,https://www.bluent.net,,2003,,,,,,,,,"Web Development, Web Design, Custom Software Development, Digital Strategy, UX/UI Design, Branding, E-Commerce Development",,,0,[],"Formed in 2003, BluEnt is a leading software and web application development company in New York, United States. It specializes in providing custom websites, mobile apps, e-commerce, and Internet marketing services for companies running an online dependent business, or looking to develop a tool to automate and monitor a process efficiently in their organization.
Services provided to Fortune clients: Customer and employee facing web portals, online stores, business process automation solutions, u"
Samcomm Technologies Pvt Ltd,https://clutch.co/profile/samcomm-technologies,https://www.samcomm.com,+91-80-41277504/+91-80-41284542,2008,,,,"No.2930/15, 2nd Floor, 2nd cross Road,D-Block,  Second stage, Rajaji Nagar, ","Bengaluru, India",,560097,IN,"Web Development, Custom Software Development, IT Managed Services, Web Design",,,0,[],"ISamcomm is a privately owned thriving software company that provides a wide range of IT, ITES and Outsourcing services with prime focus brought upon design, development, re-engineering, maintenance, support and consulting assistance"
Business Technologies (PVT) Ltd.,https://clutch.co/profile/business-technologies,https://www.biztec.com.pk,+92 300 4513932,2003,,5.0,1,"A، 5 Zafar Ali Rd, Gulberg V, ","Lahore, Pakistan",,54900,PK,"Web Development, Web Design, Custom Software Development, Business Consulting, HR Consulting",,,1,"[{""title"": ""Digital Services for IT Company"", ""author"": ""Other industries company"", ""rating"": ""5.0"", ""body"": ""An IT company partnered with Business Technologies to provide various services, including customer and industry research, internal system revamps, optimization of existing products, and more.&nbsp;\r\n...""}]","Incepted in 2003, Business Technologies (Pvt) Ltd is a Software Development, Information Technology Services and Consultancy firm providing competitively priced outsourcing services to companies worldwide. Having a strong local presence in Pakistan, Business Technologies has made it’s mark as a well established and sound company driven by the industry’s highly professional and trained individuals and is surely headed in becoming a leading organization which facilitates, enhances and provides mea"
Blaze Technology Solutions,https://clutch.co/profile/blaze-technology-solutions,https://www.blaze.in,+91 - 413 - 220 0267/3267,2002,,,,"L.A Complex, Sithanandha Nagar","Puducherry, India",PY,605005,IN,"Application Testing, Web Design, E-Commerce Development, Web Development",,,0,[],"Blaze Technologye Solutions Pvt. Ltd., Pondicherry, India, a premier Software development and Management organization, has a credit of years experience in providing IT solutions to its client in and out of India, binding to the standards of software development."
ISS Technologies,https://clutch.co/profile/iss-technologies,https://www.isstechnologies.in,+91.40.65452324,2002,,,,"#301, Ville Babuji Residency,  Pantaloons Show Room Lane, Begumpet,","Hyderabad, India",AP,500016,IN,"Cloud Consulting & SI, Web Design, Web Development, Application Testing, Cybersecurity, IT Managed Services, Mobile App Development",,,0,[],"Our journey started in 2002 as Information Technology reseller company based at Hyderabad. We have successfully served over 500 customers plus and constantly growing our reach with new products / services / verticals in India.
To deliver consistent excellent solutions to our customers we have Partnered with global leader includes Microsoft, Adobe, Symantec, Dell, HP and others.
Today we had diversified our business into Cloud services , Business Solution and Consulting -CRM, ERP, Mobility, Advan"
Le Logiciel,https://clutch.co/profile/le-logiciel,https://www.lelogiciel.in,+91.4844000322,2007,,,,"Door No: 3A, Malabar Gate  Edappally Bye Pass,","Kochi, India",KL,682024,IN,"E-Commerce Development, Social Media Marketing, Search Engine Optimization, Web Design, Web Development",,,0,[],"We assist you in developing a new application or upgrading to a newer platform with the latest technology trends prevailing in the IT industry maintaining high standards. All applications, large or small, get the total attention and support from our energetic and responsive staff. Our services cover all aspects, from study to automation advice, design and development, implementation and maintenance. Le Logiciel multimedia division works with industry renowned design and animation software, and d"
Luminous Infoways Pvt. Ltd.,https://clutch.co/profile/luminous-infoways,https://luminousinfoways.com,+91 674 2304010,2001,,,,"DCB 615/616/617, 6th Floor, DLF Cyber City Chandaka Industrial Estate,","Bhubaneswar, India",OR,751024,IN,"Mobile & App Marketing, Web Development, Web Design, Application Testing, E-Commerce Development",,,0,[],"Established in the year 2001, Luminous has delivered world-class solutions successfully for business critical engagements. Delivered value added solutions and services to over 200 customers across geographies. Luminous has global presence through its business partners. We have Business Partners in EU, Middle East , New Zealand, Australia &amp; USA for sales, delivery and account management. Recently bagged one of the major engagement contract from the Historical Graycliff Hotel, Rest. Spa &amp; "
Genxsystems,https://clutch.co/profile/genxsystems,https://www.genx.ae,+971.4.342.5068,2008,,,,"Office 510/511, Le Solarium Building, Nadd Hessa Street, Dubai Silicon Oasis,","Dubai, United Arab Emirates",,,AE,"Cybersecurity, IT Managed Services, Web Development, Custom Software Development, E-Commerce Development, Web Design",,,0,[],"Genx Systems was founded by successive entrepreneur with a passion for going the extra step to make their customers succeed. It is incorporated with the aim of providing economic solutions to the ever-increasing IT demands of organizations.
 We specialize in delivering guaranteed authentic IT products at exceptionally competitive prices. We provide services that satisfy our clients with a quick turnaround, excellent communication and reporting mechanisms. We are highly equipped and professionall"
Leo Technosoft,https://clutch.co/profile/leo-technosoft,https://www.leotechnosoft.net,+91.20.2689.9853,2003,,,,"201, Tower S4, Phase II, Cyber City, Magarpatta Township, Hadapsar","Pune, India",MH,411013,IN,"Web Design, Web Development, E-Commerce Development, Application Testing, Cybersecurity",,,0,[],"Leo TechnoSoft is a global solution provider in Product Engineering, I.T Services, Cloud Computing, Mobile Application Development and Infrastructure Support with expertise in the latest technology implementation. Set up in 2006, Leo TechnoSoft is a technical support partner specializing in building, serving, managing and extending technology on a Cloud and on Premise enterprise environment. We also provide specialized business consulting services that we term partner product development and ope"
Symbioun,https://clutch.co/profile/symbioun,https://www.symbiountech.com,+1 770 755 7557,1993,,,,"1355 Terrell Mill Road Suite 100, Bldg. 1476 ","Marietta, United States",GA,30067,US,"Custom Software Development, IT Managed Services, Web Development, Application Testing, Mobile App Development",,,0,[],"Formed by the merger of Institute of Computing (instcomp.com) and Saka Solutions, Symbioun is a premium provider of software solutions for business processes including process design, system architecture, design &amp; development, and testing services. Following an agile model of development (Scrum methodology), Symbioun provides offshore development as well as consulting staff onsite in the US. We are specialists in the areas of mobile solutions in J2ME, Symbian with web and server side develop"
NADSOFT,https://clutch.co/profile/nadsoft,https://www.nadsoftdev.com,+91.8087429395,2008,,1.0,1,"173, 2nd Floor,Nalin Chambers, Dhole Patil Road","Pune, India",MH,411001,IN,"Custom Software Development, E-Commerce Development, Mobile App Development, Web Design, Web Development",,,1,"[{""title"": ""Wordpres Web Dev for Online Directory"", ""author"": ""Other industries company"", ""rating"": 1.0, ""body"": ""NADSOFT was in charge of creating a WordPress-based online directory for businesses. They received a detailed explanation of the project from the client on what it needed to be achieved and in what timeframe.\r\n...""}]","NADSOFT is a rapidly growing Offshore Software Development Services company based in Pune, India. Since 2009, we have worked hard to achieve several milestones and now have become an ISO Certified Software development company that works only on Open Source Technologies. Our team of expert Developers have satisfactorily served more than 200 clients from across the globe, offering state-of-the-art software solutions designed to meet their specific requirements. We believe that undue attention to d"
Atlas Software,https://clutch.co/profile/atlas-software,https://www.atlassoft.com,312.802.0116,1995,,,,1384 Beulah Rd ,"Turtle Creek, United States",PA,15145,US,"Application Testing, IT Staff Augmentation, Web Development",,,0,[],"ATLAS SOFTWARE is a diversified offshore IT solutions company offering world-class application services to help your organization exceed its technological expectations. Our competencies lie in onshore and offshore software development, maintenance and offshore project management services.

Since its inception (1995 ) the company has been in the outsourcing industry, servicing clients thousands of miles away, maturing into a core dependable extension of a client’s internal team. Atlas has consist"
B2E TECHNOLOGY PVT LTD,https://clutch.co/profile/b2e-technology,https://www.b2e.in,91-44-45566136/ 91-044-45566137,2000,,,,"46, Kutchery Rd, Girija Garden, Mylapore,","Chennai, India",,600004,IN,"Cloud Consulting & SI, Custom Software Development, IT Managed Services, Web Design, Web Development",,,0,[],"B2E Technology was incorporated in 2000. B2E is a technology-driven team, where innovation and result-orientation are the strong undercurrents. B2E provides technology based solutions for businesses with focus on process efficiency, product quality and cost effectiveness. B2E Technology has a single-minded goal. We aim to grow your business - because your success is our success. We do this by delivering tangible business solutions to everyone who joins us."
Oak Systems Pvt. Ltd.,https://clutch.co/profile/oak-systems,https://www.oaksys.net,+91-80-4126-7681,1998,,,,"#27, NGEF Lane, Off 100 Feet Road, CMH Junction, Indiranagar","Bengaluru, India",,560038,IN,"Application Testing, Custom Software Development, Web Development, IT Managed Services, IT Staff Augmentation, Mobile App Development, Web Design",,,0,[],"Oak Systems is a specialist Independent Software Testing company headquartered in Bangalore, India and has been helping clients globally providing quality software solutions and services with its branches in Pune, Hyderabad and USA. OAKSYS is the brainchild of software technocrats with proven track record of managing &amp; executing global software assignments to the satisfaction of clients. Oak Systems (Oaksys) understands and appreciates the need of clients to have better, faster and cost effe"
Xm Software Solutions Pvt Ltd,https://clutch.co/profile/xm-software-solutions,https://www.xmsoftware.co.in,+91 484 304 7072,2006,,,,"X8W3+R4M, Kaloor, Kochi, Kerala","Kochi, India",,682017,IN,"Web Design, Business Consulting, Custom Software Development, IT Managed Services, Web Development, E-Commerce Development",,,0,[],"XM Software Solutions Private Limited, aims to deliver business excellence, supported through a complete suite of shared services.
Incorporated in the year 2006 under the laws of India, we provide extended support services to our associate companies of the UAE Exchange Group.
We have evolved into a shared services centre, offering a wide range of multi-functional expertise that are designed to provide integrated, innovative solutions for business meeting the operational and technology needs of o"
Neterson Technologies,https://clutch.co/profile/neterson-technologies,https://www.netersontech.com,+91 22 27780166,2003,,,,"207-208, Building No – 3, Sector -3, Millenium Business Park, MIDC Industrial Area, Kopar Khairane,  ","Navi Mumbai, India",MH,400710,IN,"HR Consulting, HR Outsourcing, Other Application Development",,,0,[],"Neterson Technologies Pvt. Ltd. (NTPL) was born out of a vision to provide HR solutions that will allow companies to unleash the hidden potential and latent talent of human capital in an organized and eﬃcient manner by aligning People, Strategy and Performance.
 
Thus HRAlign Plus, a software product suite was launched which seamlessly integrates all aspects of Organizational and Human Capital Management (HCM).
 
Based on a competency framework, HRAlign Plus helps its clients to improve performa"
3G Info Management,https://clutch.co/profile/3g-info-management,https://3ginfo.in,"+91 172 5092 888, +91 172 5093 ",2005,$25 - $49,5.0,1,"SCO No. 60, Level - II,","Sahibzada Ajit Singh Nagar, India",,160062,IN,"E-Commerce Development, Web Design, Web Development, Other Marketing, Search Engine Optimization, Advertising",,,1,"[{""title"": ""E-Commerce Dev & Design for Healthcare Brand"", ""author"": ""Beauty company"", ""rating"": ""5.0"", ""body"": ""3G Info Management provided e-commerce development and design services for a healthcare brand. The team worked on UX/UI design and e-commerce development work....""}]","Since 2005, 3Ginfo has been helping businesses build, scale, and optimize their digital presence through high-quality web development and eCommerce solutions. With over two decades of industry experience, we have successfully delivered projects for startups, SMEs, and enterprise clients across various industries.Our expertise covers end-to-end website design, development, migration, optimization, and long-term maintenance. We specialize in leading CMS and eCommerce platforms, including Shopify, "
Adapt Software IAP India P Ltd,https://clutch.co/profile/adapt-software-iap-india-p,https://www.adapt-india.com, 91-124-3027760 ,2001,,,,"Plot # 544-E, Sector 37, Pace City - II","Gurugram, India",,122004,IN,"Application Management & Support, Custom Software Development, Web Design",,,0,[],"Adapt Software specializes in Microsoft SharePoint and offer products &amp; services for SharePoint customers including Office 365 customers.
We have worked with SharePoint since beginning of its introduction. With our years of practical experience working with client needs, we´re positioned to assist you in meeting all your SharePoint objectives regardless of the industry you´re in. Our long standing experience on SharePoint backed by trainings and certifications has given us enough insight and"
August Infotech,https://clutch.co/profile/august-infotech,https://www.augustinfotech.com,+9189800008230,2000,$25 - $49,5.0,4,"32, near Vijay Sales, Sai Ashish Society, Nandi Park Society, Piplod","Surat, India",,395007,IN,"Web Development, IT Staff Augmentation, Blockchain, Mobile App Development, AI Development",,,10,"[{""title"": ""Web Development for Commodity Trading Company"", ""author"": ""Financial services company"", ""rating"": ""5.0"", ""body"": ""August Infotech is developing a website for a commodity trading company. The platform allows the client to manipulate data from various sources, process them, and convert them into their desired format.\r\n...""}, {""title"": ""Web Dev & QA Support for Hotel & Property Mgmt Co"", ""author"": ""Hospitality & leisure company"", ""rating"": ""5.0"", ""body"": ""August Infotech collaborated with a hotel and property management company on a website platform migration project. Their work included developing a new frontend using Gatsby and a Python-based Django API....""}, {""title"": ""Web & App Dev for Web & App Development Company"", ""author"": ""Other industries company"", ""rating"": ""5.0"", ""body"": ""August Infotech built WordPress websites and mobile apps for a web and app development company....""}]","August Infotech is an offshore development company that provides optimized solutions based on the requirements of organizations.
With 15+ years of trusted experience, we are offering white-label web and app development solutions.

August Infotech is trusted globally by Startups and Enterprises to power their websites, software projects &amp; development through our outsource web development services and dedicated software development team.

Our solutions include AWS Cloud Consulting, cloud compu"
PCS Technology,https://clutch.co/profile/pcs-technology,https://www.pcstech.com,+91-22-41296111,1983,,,,"6/7/12th Floor, Technocity,  Plot # X-5/3, Opp. MBP, MIDC, Mahape,","Navi Mumbai, India",,400710,IN,"Application Management & Support, IT Managed Services, IT Staff Augmentation, Web Design, Custom Software Development, Other Application Development",,,0,[],"PCS Technology aPublic Listed 28 years old organization. Company is in to the business of IT and Hardware with its own manufacturing units. PCS has 22 Domestic Offices and 18 Global offices to support its valued customers at different phases of project executions. PCS is Quality certified organization and empolys one of the best and uniform practices across the Organization. PCS software solution division has 8 Verticals.. BFSI, GIS/GPS, IT Infrastructure, IT Governance, Health Care, Supply Chai"
Riverstone Infotech,https://clutch.co/profile/riverstone-infotech,https://www.riverstonetech.com,91-44-4206 4461/62,2001,,,,"No. 6, MTH Road ","Chennai, India",TN,600049,IN,"Custom Software Development, Web Design, Other Application Development, Web Development, E-Commerce Development, Mobile App Development",,,0,[],"Riverstone was started in the U.S. in the year 2000 and in India in the year 2001. Riverstone is a company with its culture and focus firmly on its own team. We believe that a team-centric company can learn and grow together and ultimately meet the requirements of our customers with quality better than anyone else can. We take pride in the capabilities of our team, encourage each and every member of the team to go above and beyond the call of duty, reward the team for the hard work and constantl"
Stragure Software Technologies Pvt Ltd,https://clutch.co/profile/stragure-software-technologies,https://www.stragure.com,+91(80) 25200916 Ext: 307,2007,,,,"No. 14, Global Incubation Services, CA Site no 1, JSS Institution Campus, HAL 3rd Stage, Kodihalli, ","Bengaluru, India",KA,560008,IN,"Custom Software Development, Mobile App Development, Other Marketing, Web Design, Web Development",,,0,[],"Stragure was founded by enthusiastic professionals who encompassed considerable expertise and experience in resolving business problems of clients using technology while working on a global services delivery model. Stragure has been consistent in delivering bespoke services to clients from its focused yet inspirational ext-generation talent hubs.
“Stragure” is essentially derived from “Strategies for the Future”. Our company was founded by like-minded friends who had worked together for several "
Ampere Software Private Ltd.,https://clutch.co/profile/ampere-software-private,https://www.amperesoftware.com,(+91) (120) 4250370,2005,,,,"A-Block, Sector-63","Noida, India",,201301,IN,"Web Design, Custom Software Development, Other Application Development, Application Testing, Mobile App Development, Web Development",,,0,[],"Ampere is a fast growing outsourced software product engineering company focused on helping software companies create innovative products for the next generation. Ampere&#39;s mission is to provide 24x7 engineering/support services with less cost and less time to the customers across the globe. Key services: Commercial software development, software migration, software testing, software maintenance, legacy software support/migration, business support services such as data entry, data conversion "
Phonologies (India) Private Limited,https://clutch.co/profile/phonologies-india-private,https://www.phonologies.com,+91.222.768.4560 ,2001,,,,"A-53, 1st Floor, Electronic Sadan No. 1","Navi Mumbai, India",MH,400710,IN,"Call Center Services, Application Management & Support",,,0,[],"Developer of Speech and Telephony Platforms and Applications. Our portfolio of products includes Speech and Telephony Technologies that can be deployed by Call Centers, Information Centers, Telcos, ISPs and Enterprises to provide a multitude of Speech and Telephony based services. In addition to our Platform offerings, Applications like Auto Attendant, Speech Based Telephone ordering system, Telephone Customer Surveys, Voice Messaging and Notifications, Business Voice Mail Systems have been depl"
Altimetrik,https://clutch.co/profile/altimetrik,https://altimetrik.com,2623 5410,2012,$50 - $99,4.3,3,Av. Luis Alberto de Herrera 1248,"Montevideo, Uruguay",,11300,UY,"Web Development, Mobile App Development, UX/UI Design, Web Design, Product Design",,,9,"[{""title"": ""Mobile App Development for Genealogy Company"", ""author"": ""John Mead"", ""rating"": ""3.5"", ""body"": ""Altimetrik provides mobile application development services for a genealogy company. The goal of the project is to combine a DNA app and a genealogy app into one....""}, {""title"": ""UI/UX Redesign for Social Media Management Platform"", ""author"": ""Other industries company"", ""rating"": ""5.0"", ""body"": ""Altimetrik provided UI/UX design services for a social media management platform. The team redesigned the client's application, assisting with UI/UX improvements and creating a new components library....""}, {""title"": ""Website Revamp for Financial Services Firm"", ""author"": ""Adam Stein"", ""rating"": ""4.5"", ""body"": ""Altimetrik revamped a financial services firm's website and built its backend database elements. They redesigned the site's consumer experience, underlying database, and supporting business functionalities....""}]","Altimetrik is a data and digital engineering services company focused on delivering business outcomes with an agile, product-oriented approach. Our digital business methodology provides a blueprint to develop, scale, and launch new products to market faster. Our team of 5,500+ practitioners with software, data, cloud engineering skills help create a culture of innovation and agility that optimizes team performance, modernizes technology, and builds new business models. As a strategic partner and"
Kenscio Digital Marketing Pvt Ltd,https://clutch.co/profile/kenscio-digital-marketing,https://kenscio.com,8527177288,2009,,,,"Buzz by spacetime, Khasra, 275, Westend Marg","New Delhi, India",,110030,IN,"Email Marketing, SMS Marketing, Advertising, Branding, Graphic Design, Marketing Strategy, Social Media Marketing, UX/UI Design",,,0,[],"Kenscio is India’s only end-to-end omnichannel marketing and messaging solutions provider, enabling brands to deliver personalized, data-driven customer engagement at scale.
From our roots as a service-based agency, Kenscio has evolved into a cutting-edge SaaS powerhouse, offering a robust suite of enterprise-ready platforms. These include KenMail, our native enterprise email marketing solution; KenClean, a powerful email validation tool for cleaner data and better deliverability; Growlytics, ou"
Conkurent LLC,https://clutch.co/profile/conkurent,https://www.conkurent.com,+1 (224) 548-8594,2001,,,,Gogolya 124/44 ,"Zaporizhzhia, Ukraine",DO,69061,UA,"Custom Software Development, Mobile App Development, Web Design, Web Development, Graphic Design, Search Engine Optimization",,,0,[],"Who are we…? Dude, where’s my car…?
At Conkurent, we understand that not all industries are created equal, and development initiatives can’t be conceived with a template. Over the years we’ve worked hard to perfect an approach known as Agile Methodology, which has allowed us to not only deliver an effective product, catered to the needs of a given company, but also to build long lasting strategic relationships.
What is Agile Methodology? Simply put, it’s a frame of mind centered in adapting to c"
MVS Consulting Inc,https://clutch.co/profile/mvs-consulting,https://www.mvs.us,+91.471.230.6357,2000,,,,"TC 12/282, Plamoodu-Thekkumoodu Road","Thiruvananthapuram, India",KL,695033,IN,"Web Design, Search Engine Optimization, Custom Software Development, IT Staff Augmentation, Web Development, Graphic Design",,,0,[],"MVS Consulting, Inc. was established in 1999. It has executed a wide range of global turnkey projects for the development of e-business applications, e-commerce applications, Intranet applications, and a range of e-business solutions for the financial industry such as Internet Banking, e-brokerage and Fund Management Systems.
MVS Consulting Inc. (MVS) is a specialized Dynamic Enterprise Workflow Online Solutions Company, with inherent expertise in niche areas, with its flagship product, Emaximm,"
Think Future Technologies,https://clutch.co/profile/think-future-technologies,https://www.tftus.com, +91 124 2807000 ,2006,< $25,,,"First Floor, AIHP Tower 249G, Udyog vihar, Phase-IV Gurgaon ","Gurugram, India",HR,122015,IN,"Application Testing, AI Development, Blockchain, IoT Development, Mobile App Development, Web Development, AR/VR Development, UX/UI Design, Wearable App Development, Web Design",,,0,[],"Think Future Technologies is a leading provider of Technology talent and services for your Enterprise and your Product. Headquartered in Gurgaon, India with delivery centres in Bhopal and Bangalore, we service our customers in varied global geographies including North America, Middle East, Europe and India.With more than twelve years&#39; experience of providing &#34;awesome&#34; service to our Enterprise and Product customers, we are in a unique position to help our customers &#34;use&#34; tech"
Ace Dezines,https://clutch.co/profile/ace-dezines,https://www.acedezines.com,+91.988.5451.542,2000,,,,"10-2-310, KRUPA ARADHANA APARTMENT, WEST MARREDPALLY, SECUNDRABAD,","Secunderabad, India",AP,500026,IN,"Web Design, Web Development, Content Marketing, Search Engine Optimization, Graphic Design, Print Design, Video Production",,,0,[],"Welcome to Ace Dezines. We are an Indian web design company specializing in website designing, logo designing, and other corporate communication Designing. Our aim is simple-we use all the tools at our disposal to power your business in the simplest, easiest and most effective way to achieve your performance goals. No extra gimmicks, no needless softwares, no extra cost!
The experienced amongst you will realize that it takes an expert to keep things simple!
Adopting and Implementing new Technolo"
Simple Intelligent Systems,https://clutch.co/profile/simple-intelligent-systems,https://simpleintelligentsystems.com,+919918002394,2008,< $25,,,"E-1702, Block E, Rajajipuram","Lucknow, India",,226017,IN,"Web Development, Digital Strategy, Logo, UX/UI Design, Web Design, Content Marketing, Custom Software Development, E-Commerce Development, Email Marketing, IoT Development, Market Research, Pay Per Click, Search Engine Optimization, Social Media Marketing",,,0,[],"A little Bit About Us
Hubspot certified Microsoft Bing Accredited Professional company  We are a group of highly skilled, dedicated and experienced developers. Over the past 10 years, we have developed a wide range of diverse websites and web applications using PHP and MYSQL. We have expertise in developing websites using PHP based CMS&#39;s such as WORDPRESS, JOOMLA, PRESTASHOP, MAGENTO etc. We also have very strong skills in HTML5, CSS3, Javascript, Jquery, and XML. We always adhere to industr"
Netfotech Solutions,https://clutch.co/profile/netfotech-solutions,https://www.netfotech.in,+91.20.2704.6029,2002,,,,"World Trade Center, Tower 2, Level 9, Kharadi,","Pune, India",MN,411014,IN,"Web Design, Web Development, Custom Software Development, Digital Strategy, IT Managed Services, Search Engine Optimization, Application Testing, IoT Development, Mobile App Development",,,0,[],"Netfotech Solutions is a rapidly growing organization that stands as a testimony to how well hard work, commitment, and team spirit can contribute to the success of an organization and its clients. The minimal hierarchy further helps us build a fast, smarter and customer-focused Netfotech Solutions.
Our Methodology
Our aim is getting advanced in a continual process and getting developed as the proficient outsource IT Company to leave a sign of prominence, in offering well-organized Web Developme"
Ifline Technologies,https://clutch.co/profile/ifline-technologies,https://www.ifline.com,+91.44.4384.2451,2006,,,,"118 Kundrathur Main Road, 2nd Flr MS Nagar, Porur","Chennai, India",TN,600116,IN,"Web Design, Web Development, Custom Software Development, E-Commerce Development",,,0,[],"Welcome to IFLINE Technologies a Premier customized software and web application development company with established industry practices.
WHO WE ARE
We at IFLINE have executives who are expert IT practitioners and program managers. We are constantly becoming more customer oriented by creating new ways to deliver bottom-line benefits. We measure our contributions through increased customer satisfaction, higher client retention, rates and value per dollar.
OUR MISSION
To assist our clients in cons"
Paragon Dynamics Info Systems,https://clutch.co/profile/paragon-dynamics-info-systems,https://www.paragondynamics.in,"+91.44.42122110,+91.44.28144420",2009,,,,"3 rd Floor, Arihant VTN Presidency, New No. 50, North Usman Road","Chennai, India",TN,600017,IN,"Web Design, Web Development, Custom Software Development, Mobile App Development, UX/UI Design",,,0,[],Paragon Dynamics is a software development company conceived by experienced professionals of winning combination. We have been able to provide the best of services to our clients across the globe owing to our years of experience in web development and our domain expertise. We have consistently maintained a high standard of delivery for our cost-effective solutions by reducing overheads and unnecessary expenses. We believe in having a team of brains instead of just accounting with hands and legs.
dezignartworks,https://clutch.co/profile/dezignartworks,https://www.dezignartworks.com,+91.996.644.1380,2007,,,,Balajinagar,"Hyderabad, India",AP,500072,IN,"Web Design, Web Development, IT Managed Services, Mobile App Development",,,0,[],"i am offering following web services web designing and graphic designing css, html, ecommerce websites ect."
Idexcel,https://clutch.co/profile/idexcel,https://www.idexcel.com,+1.877.935.4567,1998,,,,459 Herndon Parkway ,"Herndon, United States",VA,20170,US,"Web Development, Application Testing, AI Development, Custom Software Development, Web Design, IT Managed Services",,,0,[],"At Idexcel, our quest is &#34;co-create value&#34; for our client&#39;s business by leveraging our expertise in IT services, business solutions, and outsourcing. FOCUS. SERVICE. ETHICS. EXCELLENCE FOCUS - Unparalleled focus on our client&#39;s business and their problem statement. SERVICE - Iconic flexibility and commitment to servicing our clients ETHICS - Uncompromising value system of our people. EXCELLENCE - Quest for excellence in all we do Idexcel helps its global customers remain at the v"
FINinfocom,https://clutch.co/profile/fininfocom,https://www.fininfocom.com,+91.40.4260.1119 ,2006,,,,"#101, Sai Sampada Plaza","Hyderabad, India",AP,500035,IN,"E-Commerce Development, IT Strategy Consulting, Web Design, Web Development, Custom Software Development, Search Engine Optimization",,,0,[],"We young global software development company and we are into web design and application development and also we are looking for offshore project all round the world.we design ,host,develop and maintain the website"
STC thirdEye,https://clutch.co/profile/stc-thirdeye,https://www.stcthirdeye.com,+91 44 32411666,2005,,,,"11/23, 5th Floor LB Road","Chennai, India",TN,600 020,IN,"Application Testing, UX/UI Design",,,0,[],"STC ThirdEye an Independent Software Testing Company, India’s leading authority on quality testing services since 2005, with its presence in 7 locations all across India. By making quality a global priority, an organizational imperative, and a personal ethic, STC Thirdeye has strategic alliances with Organizations providing Offshore &amp; Onsite Testing Services which includes Resource Management."
V2Soft Private Limited,https://clutch.co/profile/v2soft-private,https://www.v2soft.com,,1998,,,,,,,,,"IT Managed Services, BI & Big Data Consulting & SI, E-Commerce Development",,,0,[],"Established in March 1998, V2Soft provides cost effective, high performance IT Business Solutions and Services, IT and Engineering Contract Services, Engineering Solutions and Project Outsourcing. V2Soft has proven track record in providing these services and has over 70% repeat customers. We offer a suite of services to meet our Clients’ Business needs; which help them achieve their goals effectively, economically, and with the highest of quality."
Webworx India Private Limited,https://clutch.co/profile/webworx-india-private,https://www.webworxindia.com,+91.206.500.4091,2000,,,,Athavale St. Corner 745 Deccan Gymkhana St.,"Pune, India",MH,411004,IN,"Web Development, Custom Software Development, E-Commerce Development, Web Design, UX/UI Design",,,0,[],"Based in Pune, India, Webworx has been helping its clients in the UK and US leverage the offshore outsourcing advantage since 2000. Over the last 8 years we have provided exceptionally cost-effective services while maintaining quality standards of the highest degree. We offer the whole spectrum of Web Consultancy services from Web Design and Development to Search Engine Optimization (SEO) and Internet Marketing services, along with content development. You will find a few examples of our previou"
Infomega,https://clutch.co/profile/infomega,https://www.infomegatech.com, +452.2382846,2007,,,,"73/63,intuc colony bastin nagar,bethaniya puram      ","Madurai, India",TN,625016,IN,"IT Strategy Consulting, Web Development, E-Commerce Development, Web Design",,,0,[],"we are a provider with the 3years experience of web designing and development,software development,SAP in BI module running with 30 more experienced developers"
Winjit Technologies,https://clutch.co/profile/winjit-technologies,https://www.winjit.com,+27 84 014 5941,2004,$25 - $49,,,"Ground Floor, WestWing, 6 Kikuyu Sunninghill,","Johannesburg, South Africa",,2191,ZA,"Cloud Consulting & SI, Custom Software Development, ERP Consulting and SI, Mobile App Development, Unified Communications Consulting & SI, Web Design, Enterprise App Modernization, Application Testing, BI & Big Data Consulting & SI, CRM Consulting and SI, ECM Consulting and SI, Web Development, Application Management & Support, IT Strategy Consulting, Wearable App Development",,,0,[],"Winjit is an award-winning technology solutions provider with more than 10 years of experience in enabling innovative tech solutions for organizations across the globe. 
When you talk about Winjit Technologies, as a technology company, you will discover what many global organizations and enterprises have already realized and unwrapped the experience of trust and certainty. Winjit is creating and nourishing first class customer experience, combined with a center of technical innovation, that has "
HTC Global Services,https://clutch.co/profile/htc-global-services,https://www.htcinc.com,2487862500,1990,,,,3270 West Big Beaver Road,"Troy, United States",MI,48084,US,"AI Development, Custom Software Development, Web Design, Web Development, BI & Big Data Consulting & SI, UX/UI Design",,,0,[],"HTC Global Services Inc., founded in 1990, headquartered in Troy, Michigan, is a global provider of Information Technology and Business Process Services and Solutions. Our expertise in consulting, design, engineering, and operations helps us to provide innovative technology services, positioning us as a technology partner of choice. We leverage our domain expertise in multiple verticals and harness emerging technologies (Robotic Process Automation (RPA), Internet of Things (IoT), Cybersecurity, "
Intellisoft,https://clutch.co/profile/intellisoft,https://www.intellisofttech.com,+1.972.756.1212,1997,,,,1320 Greenway Drive,"Irving, United States",TX,75038,US,"IT Staff Augmentation, Marketing Strategy, Mobile App Development, Web Design, Web Development",,,0,[],"IntelliSoft Technologies Inc., was founded in 1997 to provide services in Information Technology, and for several years we have expanded our horizon by adding Fortune 500 companies among our clients. IntelliSoft is growing aggressively with an excellent team of consultants who provide our clients with unparallel performance. IntelliSoft is a recognized leader in a wide range of Information Systems technology. IntelliSoft provides services that are highly regarded in the information technology in"
Software Genius,https://clutch.co/profile/software-genius,https://www.softwaregenius.net,+91 98222 33689,1999,,,,"201, Shivanjali Apartment, 168 Pandey Layout, Khamla Main Road","Nagpur, India",MH,440025,IN,"Web Development, Custom Software Development, Web Design, BI & Big Data Consulting & SI, UX/UI Design",,,0,[],"• To be an industry leader in providing technical resources and best results to our clients in the areas of Information Systems Management, Information Systems Development and Web systems • For our clients we will continually strive to build strong and lasting relationships built on trust and results OUR MISSION • Our Mission is quite simple: We improve our client’s work process by evaluating, designing and implementing the proper software solutions throughout the enterprise. Our vision entails "
Consummate Technologies,https://clutch.co/profile/consummate-technologies,https://www.consummatetechnologies.com,609.436.0156 ,2008,,,,33 GOLDSTAR DRIVE,"Princeton, United States",NJ,08540,US,"Cloud Consulting & SI, Mobile App Development, Web Design, Custom Software Development, Web Development, Marketing Strategy",,,0,[],"Consummate is a technology consulting and services organization having a team of professionals who has many years of experience in Travel and Tourism, Disaster Management, Govt. Services Enablement, RFID [Radio Frequency Identification], Educational, Healthcare, Social Welfare and Research services, Telecom, Banking and Finance, Insurance, Retail, Transport &amp; Logistics, Life Sciences and Pharmaceuticals, Consumer Products and ecommerce. The team has development Web Applications in various do"
Oathsys,https://clutch.co/profile/oathsys,https://www.oathsys.com,09812299992,2007,,,,263/c MK market    ,"Sonipat, India",,131001,IN,"E-Commerce Development, Web Design, Web Development, Custom Software Development",,,0,[],"This blog is truely dedicated for the .net professionals, Our target is to take the programmers with basic knowledge to the next level. Any Concept or any bug found in programming are welcomed. Enjoy Programming."
Aspire Systems,https://clutch.co/profile/aspire-systems,https://www.aspiresys.com,+ 1 630 368 0970,1996,,,,"1200 Harger Road Suite 722, Oak Brook","Oak Brook, United States",IL,60523,US,"Application Testing, Web Design, Web Development, Custom Software Development, E-Commerce Development",,,0,[],"Aspire Systems is a global technology services firm serving as a trusted technology partner for our customers. We work with some of the world&#39;s most innovative enterprises and independent software vendors, helping them leverage technology and outsourcing in our specific areas of expertise. Our services include Product Engineering, Enterprise Solutions, Independent Testing Services and IT Infrastructure Support services. Our core philosophy of &#34;Attention. Always.&#34; communicates our bel"
Nihilent Technologies,https://clutch.co/profile/nihilent-technologies,https://www.nihilent.com,+91 20 3984 6100,2000,,,,"Weikfield IT Citi Info Park, 4th Floor, ‘D’ Block, Nagar Rd.","Pune, India",,411014,IN,"IT Strategy Consulting, Other IT Consulting and SI, Business Consulting",,,0,[],"Nihilent is an ISO 9001:2000 and SEI CMMI level 5 certified global business consulting and solution integration company. Headquarters in Pune, India. Nihilents executive team has over 350 years of experience in International Consulting, IT Outsourcing and IT Services. Nihilent&#39;s operation spans across North America, Europe, Asia and Africa. Nihilent&#39;s mission encapsulates our commitment to enable Change in terms of People, Process, Technology and Knowledge for achieving sustained perform"
City Innovates,https://clutch.co/profile/city-innovates,https://www.cityinnovates.com,+91.9501.033.888,2006,,,,"E-44, ELTOP, Phase VIII , Industrial Area","Sahibzada Ajit Singh Nagar, India",PB,140308,IN,"Search Engine Optimization, Web Design, Web Development, E-Commerce Development, Pay Per Click",,,0,[],"City Innovates Pvt. Ltd. is a young and dynamic Company, evolving every moment, using innovation and cutting-edge technology, providing ITE and digital services and solutions, globally. From the web development to digital marketing, to app developments, comprise the robust offerings of the City Innovates. We ensure highest level of certainty and satisfaction through a deep-set commitment to our clients with reliability of use of advanced technology and technological tools, quality products and t"
Alex Solutions,https://clutch.co/profile/alex-solutions,https://www.alexsolutions.com,(972) 247-6070,1998,,,,11409 Denton Drive,"Dallas, United States",TX,75229,US,"Custom Software Development, Web Development, Application Testing, Web Design, Back Office Outsourcing, Mobile App Development, Other Application Development, Search Engine Optimization",,,0,[],"We are a leading software and web development company (Alex Solutions Pvt. Ltd),based in India. We have domain expertise in areas such as health, travel, education and non profits. With a team of skilled developers, business analysts and support we have expertise in technologies such as C,C++,asp.net, php, sql server, c#, Vb.NET, VB6 and a strong understanding of the application of these tools and technologies in various domains. We have been handling multinational clientle like Wochkardt and Mi"
Riktam Technologies,https://clutch.co/profile/riktam-technologies,https://riktamtech.com,,2007,,4.7,6,,,,,,"Mobile App Development, Web Development, UX/UI Design",,,12,"[{""title"": "" App Development for Promotions Platform"", ""author"": ""Other industries company"", ""rating"": ""5.0"", ""body"": ""Riktam Technologies provided additional external development to a web platform startup&nbsp;that delivers targeted product recommendations.&nbsp;The project involved aggregation of a product feed.&nbsp;\r\n...""}, {""title"": ""Application Development for Virtual Tour App"", ""author"": ""Ravishankar Iyer"", ""rating"": ""5.0"", ""body"": ""Riktam Technologies completed the design and development of a comprehensive, highly customizable tour guide app for Android and iOS. The development took 2 months, and the team continues to provide support.\r\n...""}, {""title"": ""Mobile Developer Offshore Development"", ""author"": ""Arts, entertainment & music company"", ""rating"": ""5.0"", ""body"": ""Riktam Technologies develops code for an&nbsp;interactive education application in an ongoing relationship.\r\n...""}]","(Visit our website to request a quote for your project)
How Riktam Technologies can help you
- Experience: You benefit from our extensive experience developing mobility products and solutions. We have developed over 200 apps for iPhone, iPad, Android and Windows phone. You focus on the big idea, we will take care of the nitty gritties.
- Reliability: Our processes are ISO standard compliant so that you get a very reliable project delivery and experience.
- Cost: Our development center is based i"
e-Zest Solutions,https://clutch.co/profile/e-zest-solutions,https://www.e-zest.net,+91 80558 39378,2000,,,,"3rd Floor, Building IT-09 Qubix Business Park - SEZ, Blue Ridge Town Pune, Phase 1, Hinjewadi Rajiv Gandhi Infotech Park, Hinjaw","Pune, India",,411057,IN,"Custom Software Development, Application Testing, Back Office Outsourcing, Business Consulting",,,0,[],"e-Zest Solutions Ltd. is a CMMI Level 3 &amp; an ISO 9001:2008 certified Product Engineering and Software Development Company, offers services to healthcare industries &amp; ISVs. Its Healthcare Technology portfolio consists of services like Healthcare Software Services, Healthcare Software Product Development Outsourcing, Custom Healthcare Software Application Development and Pharma Sector Competency. e-Zest helps healthcare organizations to manage challenges like increased government regulatio"
Syosys Technologies,https://clutch.co/profile/syosys-technologies,https://www.syosys.com,+91 490 2322232,2007,,,,"44/735, PV Complex, Thalassery","Thalassery, India",KL,670103,IN,"Web Design, Web Development, Custom Software Development, Social Media Marketing, Mobile App Development, Search Engine Optimization",,,0,[],"Syosys Technologies is a global software company that enables enterprises to be operationally responsive to changing conditions and customer interactions as they occur – to capitalize on new opportunities, drive greater efficiencies and reduce risk. The company offers a comprehensive portfolio of best-in-class software services &amp; solutions spanning event-driven visibility and real-time response, open integration, data access and integration, and application development and deployment .Syosys"
Conversys Technologies Private Limited,https://clutch.co/profile/conversys-technologies-private,https://www.conversys.in,+91 33 6460 2675 ,2008,,,,"182, Jodhpur Gardens","Kolkata, India",WB,700068,IN,"Web Design, Web Development, Other Application Development",,,0,[],"Conversys Technologies is founded and headed by technocrats, having 100 man-years of experience in providing Open source and Linux enterprise-class solutions. Conversys focuses on the development and implementation of open source strategies for medium and large sized businesses. We provide custom development and multi-tiered solution in Linux platform. Our services are designed to provide an integrated approach to business strategy with respect to the use of web technology. With a strong underst"
Accede Consultancy Pvt. Ltd.,https://clutch.co/profile/accede-consultancy,https://www.accedeconsultancy.com,,2009,,,,,,,,,"Custom Software Development, Mobile App Development, Web Design, Web Development",,,0,[],Accede Consultancy Pvt. Ltd. provides consulting and IT services to clients nationally-as partners to conceptualize and realize technology driven business transformation initiatives. We provide solutions for a dynamic environment where business and technology strategies converge. Our approach focuses on new ways of business combining IT innovation and adoption while also leveraging an organization&#39;s current IT assets. The IT world is changing with every single bit of time. We are changing ou
IQ Software Services,https://clutch.co/profile/iq-software-services,https://www.iqss.in,+91.80.41255850,2003,,,,"#19, II Floor, 80 Feet Road, Koramangala IV Block","Bengaluru, India",KA,560095,IN,"Custom Software Development, IT Managed Services, Web Development",,,0,[],"IQSS is the leading independent provider of consulting and solutions for ECM and Compliance. We have helped our customers across different regions automate processes, empower employees to deliver increased productivity, service levels and business performance while reducing operational costs. IQSS provide technology consulting and services on emerging technologies. With a proven track record of successful client engagements, technical expertise in major platforms we are uniquely positioned to ad"
Lavish Technologies,https://clutch.co/profile/lavish-technologies,https://www.lavishtech.com,+91-452-3023428,2010,,,,"Old No. 11/05   New No. 11/08, 1st Floor,  Alagiri Nagar, Kovalan Nagar Main Road Block,  TVS Nagar","Madurai, India",TN,625003,IN,"Web Design, Web Development, Graphic Design, IT Managed Services",,,0,[],"Lavish Technologies is a web design company that provides you all web solutions all under one roof, we assist you in developing your business and setting greater standards. We have professionals who are ready to assist you round the clock. Our developers are exceptionally devoted to their work and see to that the client is 100% satisfied as we believe in customer satisfaction with any compromise. Bringing the creative process to work doesn’t have to be difficult and our creative team knows how t"
Anubavam,https://clutch.co/profile/anubavam,https://www.anubavam.com,,2006,,,,,,,,,"Mobile App Development, Web Development, Custom Software Development, Web Design",,,0,[],"Anubavam has rich experience in building custom web applications across various Apple platform like iPhone, etc. Our iPad programmers can design and develop innovative and robust applications of any level of complexity across various categories for businesses with high end quality. Our iPad developers can build a new application from the scratch or modify and enhance an existing iPad programs."
Vasta Solutions,https://clutch.co/profile/vasta-solutions,https://www.vsplc.com,+91.20.662.91500,2007,$25 - $49,,,"C-508, Teerth Technospace, Pune-Mumbai Highway, Baner","Pune, India",,411045,IN,"Custom Software Development, Application Management & Support, IT Managed Services, Mobile App Development, Web Development",,,0,[],"Vatsa Solutions is a truly global, end-to-end Software Services organization. We provide guaranteed, efficient, and extremely cost-effective software solutions to enterprises worldwide, using an onsite-offshore delivery model. We demonstrated ourselves by meeting and exceeding customer expectations in the delivery of these services. Our customer-centric belief establishes a value proposition focused on long-term relationships and delivery of value added services.
Vatsa is staffed by talented and"
Primetechnxt Solutions,https://clutch.co/profile/primetechnxt-solutions,https://www.primetechnxt.com,+91.966.465.7956,2016,< $25,,,"A-201, Kesar Plaza, Charkop Market, Kandivali (W), ","Mumbai, India",MH,400067,IN,"Mobile App Development, Web Development, Enterprise App Modernization, Custom Software Development, E-Commerce Development, UX/UI Design",,,0,[],"Primetechnxt is a Top Digital Marketing Service company from India. We offer Social media management services,Social Media Advertising,Search engine services,Website design services, SEO, Google Ads, Email Marketing,Content Marketing. Elevate your marketing campaigns in minutes with the industry leading tech &amp; strategic support you deserve.
We create and manage top-performing social media campaigns for businesses. Our company manages social media networks such as Twitter, Facebook and Instag"
Kavinssoft Solutions,https://clutch.co/profile/kavinssoft-solutions,https://www.kavinssoft.com,+914224393434,2008,,,,"112,5th street extn,gandipuram","Gandhipuram, India",,641012,IN,"Web Design, Web Development, Digital Strategy, E-Commerce Development, Back Office Outsourcing",,,0,[],"kavinssoft solutions is an Web design and web development company in Coimbatore, Open Source Development offers php programming software development, custom web application development Our quality services can help you transform your website into a more successful online business. We specialize in custom web design, business ecommerce packages and high ranking Search engine placement services."
Dot Com Infoway,https://clutch.co/profile/dot-com-infoway,https://www.dotcominfoway.com,+91-9003789096,2000,< $25,4.8,50," I Floor, Plot No 3, Vaigai Colony, opp. to Ambika Theatre, Anna Nagar","Madurai, India",TN,625020,IN,"Mobile & App Marketing, Mobile App Development, Web Design, Pay Per Click, Search Engine Optimization, Social Media Marketing",,,16,"[{""title"": ""SMM, Content Marketing & Advertisng for Education Platform"", ""author"": ""Rizwana Begum"", ""rating"": ""5.0"", ""body"": ""Dot Com Infoway has conducted a social media and website audit for an education platform. They've also created blog and social media posts and infographics, developed and optimized ads, and proposed strategies....""}, {""title"": ""Marketing, SEO & Website Opitmization for Gaming Company"", ""author"": ""Ram Seetharam"", ""rating"": ""5.0"", ""body"": ""Dot Com Infoway provided digital marketing, SEO, and website optimization for a gaming company. The team marketed the client's app, collected user behavior information, and optimized ad placements....""}, {""title"": ""SEO, PPC & SMM for Nonprofit"", ""author"": ""Melvin Gomes"", ""rating"": ""5.0"", ""body"": ""Dot Com Infoway is spearheading a nonprofit's SEO, Google PPC, and social media strategies. Their work involves providing keyword suggestions to the company. Around three people are in charge of the project.\r\n...""}]","Dot Com Infoway is a globally recognized app development, app marketing, AI, and digital growth company with 27+ years of expertise in IT and digital transformation.
We help businesses build, market, and scale successful mobile apps through end-to-end app development and result-driven app marketing services, including ASO, PR, user acquisition, influencer marketing, and more.
Our LLM SEO services optimize your brand for AI-powered search platforms like ChatGPT and Gemini. We also offer our SEO A"
INTERSOG,https://clutch.co/profile/intersog,https://intersog.com,+18334683776,2005,$50 - $99,4.7,12,220 N Green St #2011,"Chicago, United States",IL,60607,US,"IT Staff Augmentation, AI Development, Custom Software Development, IoT Development, Application Testing, Low/No Code Development, Web Design",,,16,"[{""title"": ""AI Development for Financial Services Company"", ""author"": ""Financial services company"", ""rating"": ""5.0"", ""body"": ""A financial services startup hired INTERSOG to assist in building a trading robot. They took existing data that was in a format that was difficult to export and then wrote programs to transform the data.\r\n...""}, {""title"": ""UX/UI Design for Software Consultancy Firm"", ""author"": ""Matt Curcio"", ""rating"": ""5.0"", ""body"": ""INTERSOG developed an Azure-based platform for a software consultancy firm. The platform features a generative AI chat interface, allowing clients to retrieve and interact with data more efficiently....""}, {""title"": ""Software Dev for Supply Chain Firm"", ""author"": ""David Franklin"", ""rating"": ""4.5"", ""body"": ""Intersog built a software platform for strategy development and execution. The platform is RESTful API-based, can be deployed to multiple cloud infrastructures, and is integrated with Slack.\r\n...""}]","Intersog is a Chicago-based provider of AI development and IT staffing services, with R&amp;D centers in North America, Europe, and the Middle East. We helped Fortune-500 businesses like Mitsubishi Motors and Toyota develop billion-dollar IT projects across various industries in and outside North America.
As a technology consulting company, we combine core expertise in tech talent hiring with custom artificial intelligence and machine learning development.
Our AI and machine learning engineers h"
QSoft,https://clutch.co/profile/qsoft-0,https://www.qsoftvietnam.com,,2005,,4.5,7,,,,,,"IT Staff Augmentation, Web Development, Blockchain, Custom Software Development, Low/No Code Development, Mobile App Development",,,13,"[{""title"": ""Mobile Development for Patient Engagement Platform"", ""author"": ""Alvin Vo"", ""rating"": ""5.0"", ""body"": ""QSoft Vietnam took over the mobile app development for a medical platform, using the remnants to create a working version, as well as&nbsp;a rebuilt and enhanced version. The app is for both iOS and Android.\r\n...""}, {""title"": ""Digital Catalog"", ""author"": ""Retail company"", ""rating"": ""4.0"", ""body"": ""QSoft Vietnam joined with an in-house software engineering team to produce high-quality design and development. The 4-person team worked on a telecommunication demo.\r\n...""}, {""title"": ""Mobile App Development for Wedding Videographer"", ""author"": ""Keith Tessler"", ""rating"": ""5.0"", ""body"": ""QSoft Vietnam developed two versions of a mobile application that enables wedding guests to shoot and share images at weddings.\r\n...""}]","QSoft is a pioneering software company based in Vietnam, with imminent expansion to Singapore, specializing in providing rapid and effective tech team scaling solutions for mid-sized technology companies and startups.
We excel in custom software development and software outsourcing, building high-performing development teams using top-tier talent from our strategic partners in Vietnam, the Philippines, Indonesia, and Pakistan. Our expertise lies in delivering tailored software solutions that mee"
SoftUkraine,https://clutch.co/profile/softukraine,https://softukraine.com.ua,,2011,,,,,,,,,"Web Development, Web Design, E-Commerce Development, Application Testing",,,0,[],"SoftUkraine is Ukrainian outsourcing web development company. SoftUkraine develops the following types of Web applications: web sites (personsl sites, sites for small business, corporate sites and E-commerse sites), blogs, web-oriented business-process managment systems (BPMS), web-services (data exchange and integration of distributed systems)."
Ave Web Design,https://clutch.co/profile/ave-web-design,https://avewebdesign.com,512.739.9800,2021,$50 - $99,,,305 duprie dr,"Brenham, United States",TX,77833,US,"Web Design, E-Commerce Development, Web Development",,,0,[],"Ave Web Design, previously known as Austin Themes, is a small website design and web development business located in Brenham, TX. Offering custom web design services focused on small-business-friendly WordPress solutions. Also offering Graphics design, PHP coding, WordPress plugin development, Themes, and more"
Saven Technologies,https://clutch.co/profile/saven-technologies,https://www.saventech.com,+1-847-993-2001,1996,,,,50 Cragwood,"South Plainfield, United States",NJ,07080,US,"Custom Software Development, IT Staff Augmentation, Cloud Consulting & SI, DevOps Managed Services, Low/No Code Development, AI Development, API Development, IT Strategy Consulting, Marketing Strategy, Mobile App Development, UX/UI Design",,,0,[],"Saven is an IT service provider that specializes in the design, delivery, and implementation of technology-driven business solutions. Our expertise gives clients immediate and measurable results advantages they can leverage into long-term successes for years to come. The combined experience and knowledge of our managers, trained technical personnel, and subject matter experts. We focus these dedicated professionals on our clients&#39; biggest challenges, and they don&#39;t give up until the righ"
Aldente Global,https://clutch.co/profile/aldente-global,https://aldente.global,54.11.5294.2002 ,1998,,,,Castillo 1336,"Buenos Aires, Argentina",M,C1414,AR,"UX/UI Design, Web Design, Application Testing, Custom Software Development, E-Commerce Development, Mobile App Development, Web Development",,,0,[],"ALDENTE is… CREATIVITY DONE JUST RIGHT. Not too much, not too little. Creative ideas that allow us to achieve better results So that our clients are always happy. ALDENTE: “Run hands on buy its owners” But of course, they’re not alone. On the contrary, they are surrounded by a team that knows how to listen and come up with creative solutions. Because we don’t manage accounts, we manage people and their needs. ALDENTE: our objective, the world In Buenos Aires, Houston, Brussels, Dubai, Paris, Méx"
Svitla Systems,https://clutch.co/profile/svitla-systems,https://svitla.com,+1 415 891 8605,2003,$25 - $49,4.8,32,"100 Meadowcreek Drive, Suite 102 Corte Madera, California 94925","Corte Madera, United States",CA,94925,US,"IT Managed Services, Web Development, AI Development, Cloud Consulting & SI, BI & Big Data Consulting & SI, IoT Development, Mobile App Development",,,16,"[{""title"": ""Development Staff Augmentation for Genealogy Research Co"", ""author"": ""Erik Swierk"", ""rating"": ""5.0"", ""body"": ""Svitla Systems provides development staff augmentation for a genealogy research and subscription company. The team has handled SSO integration, frontend stack migration, QA automation, and product support....""}, {""title"": ""Development Staff Augmentation for Ticketing Company"", ""author"": ""Matt Piette"", ""rating"": ""5.0"", ""body"": ""Svitla Systems provides staff augmentation for a ticketing company. The team has been tasked with increasing engineering throughput and providing insights into the client's internal processes and systems....""}, {""title"": ""Software Development for Insurance Tech Company"", ""author"": ""Nadya Voitik"", ""rating"": ""4.5"", ""body"": ""Svitla Systems has provided software development support for an insurance technology firm. They've expanded carrier options, added new business lines, fixed bugs, and built and maintained API integrations....""}]","Svitla is a global digital solutions company with over 20 years of industry experience. Since 2003, we have engineered more than 5,000 transformative solutions for our clients around the globe, bolstering their growth and competitive edge. Our mission is to advise and implement modern, sustainable solutions for our clients, using the power of digital, cloud, data, and intelligent technologies to help them create a thriving future for their businesses.
Having a world-class team of 1,000+ technolo"
LogicTree IT Solutions,https://clutch.co/profile/logictree-it-solutions,https://www.logictreeit.com,916.458.8182,2007,,,,"6060 SunriseVista Drive, Suite 3500","Citrus Heights, United States",CA,95610,US,"Mobile App Development, Application Testing, Custom Software Development",,,0,[],"We are a resourceful organization with dynamic professionals having commendable experience in Web &amp; Mobile Platforms. Our employees have extensive knowledge and proficiency on latest Technologies like E-Commerce, LAMP, CMS, Java, J2EE, Adobe Flash &amp; Flex, Microsoft products like .NET, Dynamics, Silverlight, SharePoint and Mobile Technologies like Apple iOS, Android, Blackberry and Symbian.
The wide ranges of industries covered by us are Banking &amp; Finances, Telecom, Retail, Healthcare"
Team Tweaks Technologies Pvt Ltd,https://clutch.co/profile/team-tweaks-technologies-1,https://www.casperon.com,9894110087,2013,$25 - $49,4.5,8,Chennai,"Chennai, India",TN,60006,IN,"Mobile App Development, E-Commerce Development, IoT Development, Web Development",,,14,"[{""title"": ""Platform Maintenance for Translation Services"", ""author"": ""Jaap van den Eersten"", ""rating"": ""4.5"", ""body"": ""Casperon Technologies Private Ltd continually refines and supports an existing app for web, Android, and iOS.&nbsp;They also support server configuration and installation.&nbsp;\r\n...""}, {""title"": ""Web & Mobile App Dev for On-Demand Car Service"", ""author"": ""Other industries company"", ""rating"": ""4.0"", ""body"": ""Using PHP and MongoDB,&nbsp;Casperon is developing an on-demand transportation platform for drivers and customers. Their project includes&nbsp;both the CRM and the mobile and web driver applications.&nbsp;\r\n...""}, {""title"": ""Mobile App Development for Taxi Booking Company "", ""author"": ""Information technology company"", ""rating"": ""3.5"", ""body"": ""Casperon built an iOS/Android platform for a ridesharing startup. Functionalities allow users to request rides, split fares, track drivers, and prepay.\r\n...""}]","Team Tweaks Technology is an industry leader in robust, affordable digital business solutions. We specialize in website design and development, IoT products, mobile application development and other software products. Casperon has been doing business world-wide for more than five years. In that relatively short span we have developed solutions that have revolutionized the way customers on five continents do business.
We are different because we invest our time gaining a deep understanding of the"
nxtMOVE Corp,https://clutch.co/profile/nxtmove-corp,https://www.thenxtmove.com,+1.703.264.7800,1982,$150 - $199,,,"13873 Park Center Road, Suite 65","Herndon, United States",VA,20171,US,"Market Research, Marketing Strategy, Business Consulting",,,0,[],Market Opportunity Assessments Customer perception analytics Competitor Analysis Competitive Analysis
Maisa Solutions,https://clutch.co/profile/maisa-solutions,https://www.maisasolutions.com,91.040.401.77227,2010,< $25,4.0,1,ECIL X Roads,"Hyderabad, India",,500062,IN,"Custom Software Development, E-Commerce Development, Mobile App Development, Web Development, UX/UI Design, Web Design",,,1,"[{""title"": ""Startup Social Gaming App"", ""author"": ""Other industries company"", ""rating"": ""4.0"", ""body"": ""Maisa Solutions is helping the Virginia-based client to develop a social gaming application, which will be available on mobile devices and the Web. The client has a United States-based team that handles the architecture and user-interface design of the application. Maisa Solutions is used to develop...""}]",MaisaTM Solutions is your trusted partner offering various Services and Products in Information Technology(IT) space. And our goal is to excel in Information Technology space while exceeding Customer satisfaction. Maisa Solutions holds high reputation and proven track record for providing solutions to problems of varying complexity. Maisa Solutions stands out to be a unique offshore services provider across globe. Our area of expertise spans across various technologies including emerging ones. O
Impact Technology Software Development,https://clutch.co/profile/impact-technology-software-development,https://www.impacttechnology.co.uk,,2009,,,,,,,,,"Mobile App Development, Custom Software Development, Web Development",,,0,[],"Impact specialise in the creation of flexible yet robust software development solutions such as web development, iPhone app development, database development and desktop app development to create tangible business benefits."
ACAP,https://clutch.co/profile/acap,https://acapglobal.com,,2004,,4.6,15,,,,,,"Web Development, Custom Software Development, CRM Consulting and SI, E-Commerce Development, Low/No Code Development",,,16,"[{""title"": ""Web Dev & Design for Insurance Services Company"", ""author"": ""Kanaku Hyras"", ""rating"": ""4.5"", ""body"": ""ACAP provides ongoing web development and design services for an insurance services company. They are tasked with building a PHP-based website for the client, who's looking to establish brand awareness.\r\n...""}, {""title"": ""API, Integrations & Programming  for Travel Nurse Sites "", ""author"": ""Ryan Pecaro"", ""rating"": ""5.0"", ""body"": ""ACAP provides programming services for a travel nurse website. The team manages API and integration setups. They also handle site updates, web design, and direct user contact as needed.\r\n...""}, {""title"": ""Inadequate Project Delivery for Event Management Startup"", ""author"": ""Information technology company"", ""rating"": 1.0, ""body"": ""ACAP was supposed to develop online registration and event management modules, but ultimately failed to deliver. They outsourced to third party vendors without notice, and the engagement has ended as a result.\r\n...""}]","ACAP is a small business software solutions provider. Since 2004, we have been consistently delivering business success to our clients through intelligent application of our technology, management and customer service expertise. ACAP has served over 400 customers and successfully delivered over 1000 projects."
Mobiwolf,https://clutch.co/profile/mobiwolf,https://mobiwolf.com,,2010,,4.1,7,,,,,,"Mobile App Development, Application Testing, IoT Development, Blockchain, Application Management & Support, E-Commerce Development, Wearable App Development, Web Development, AR/VR Development",,,13,"[{""title"": ""Mobile App Development for Startup Tech Company"", ""author"": ""Other industries company"", ""rating"": ""1.0"", ""body"": ""A startup tech company was looking to develop a mobile app that's ready for the market, so they hired Mobiwolf for their mobile app development services. They mainly used Flutter to create the prototype.\r\n...""}, {""title"": ""Mobile App Dev for Tech Startup"", ""author"": ""Other industries company"", ""rating"": ""5.0"", ""body"": ""Mobiwolf was responsible for prototyping the product of a startup. They explored various UX/UI options to create an MVP that would record high-quality video while in motion, which it would then process.&nbsp;\r\n...""}, {""title"": ""Mobile App Dev for Location-based Social Networking Platform"", ""author"": ""Atoosa Hariri"", ""rating"": ""5.0"", ""body"": ""Mobiwolf developed a custom iOS and Android app that\u2019s integrated with several social networking apps, allowing people and businesses to view other users within their geographical location.\r\n...""}]","Mobiwolf - innovative mobile application development company from Ukraine. The company was founded by IT professionals and entrepreneurs who are seeking new opportunities to expand the team with those of like mind. We are mobile experts. We can build high-quality applications for Android, iPhone and other platforms using best practices. 
Our main goal is to bring your ideas to life and help your business get ahead of competition by providing high-quality, bug-free and secure applications. We wor"
MentorMate,https://clutch.co/profile/mentormate,https://mentormate.com,+ 16128234000,2001,$50 - $99,4.7,39,"1350 Lagoon Ave, Suite 800","Minneapolis, United States",MN,55408,US,"Mobile App Development, Custom Software Development, UX/UI Design, Web Development, Application Management & Support",,,16,"[{""title"": ""UX/UI Design & Web & Mobile App Dev for Wealth Mgmt Company"", ""author"": ""Financial services company"", ""rating"": ""4.5"", ""body"": ""MentorMate provides UX/UI design services for a consulting and wealth management company. They\u2019ve built the customer digital experience for web-based and mobile applications using Figma.\r\n...""}, {""title"": ""Mobile App Development for Bicycle Retailer"", ""author"": ""Other industries company"", ""rating"": ""5.0"", ""body"": ""MentorMate&nbsp;was hired to develop iOS and Android development for a bicycle retailer. They're also tasked with helping them rebrand to complement their own infrastructure.&nbsp;\r\n...""}, {""title"": ""Music Streaming App Dev for Music Rights & Permissions Firm"", ""author"": ""Mark Meikle"", ""rating"": ""5.0"", ""body"": ""MentorMate has developed a music streaming MVP for a music rights and permissions company. Their tasks involve creating a development strategy, improving the client's designs, and QA testing the final product.\r\n...""}]","Since 2001, we’ve blended strategic insights and thoughtful design with brilliant engineering to create durable technical solutions that deliver digital transformation at scale. With an unwavering commitment to open and transparent communication, we earned the trust of hundreds of companies worldwide to guide their vision, design innovative products, and deliver secure solutions. We’re invested in our clients’ business challenges and bring innovative ideas, approaching every project with a deep "
